<?xml version="1.0" encoding="UTF-8" ?>
<results version="2">
    <cppcheck version="2.3" />
    <errors>
        <error id="arrayIndexOutOfBounds" severity="error" msg="Array &apos;lex[5]&apos; accessed at index 5, which is out of bounds." verbose="Array &apos;lex[5]&apos; accessed at index 5, which is out of bounds." cwe="788" hash="5260716399290405729">
            <location file="main.c" line="80" column="21" info="Array index out of bounds" />
        </error>
        <error id="arrayIndexOutOfBounds" severity="error" msg="Array &apos;lex[5]&apos; accessed at index 5, which is out of bounds." verbose="Array &apos;lex[5]&apos; accessed at index 5, which is out of bounds." cwe="788" hash="6179680046576184088">
            <location file="main.c" line="81" column="24" info="Array index out of bounds" />
        </error>
        <error id="invalidScanfFormatWidth" severity="error" msg="Width 15 given in format string (no. 1) is larger than destination buffer &apos;lex[5]&apos;, use %4s to prevent overflowing it." verbose="Width 15 given in format string (no. 1) is larger than destination buffer &apos;lex[5]&apos;, use %4s to prevent overflowing it." cwe="687" hash="2444123500138912447">
            <location file="main.c" line="80" column="5" />
        </error>
        <error id="missingIncludeSystem" severity="information" msg="Cppcheck cannot find all the include files (use --check-config for details)" verbose="Cppcheck cannot find all the include files. Cppcheck can check the code without the include files found. But the results will probably be more accurate if all the include files are found. Please check your project&apos;s include directories and add all of them as include directories for Cppcheck. To see what files Cppcheck cannot find use --check-config." />
    </errors>
</results>
