<?xml version="1.0" encoding="UTF-8" ?>
<results version="2">
    <cppcheck version="2.3" />
    <errors>
        <error id="invalidscanf" severity="warning" msg="scanf() without field width limits can crash with huge input data." verbose='scanf() without field width limits can crash with huge input data. Add a field width specifier to fix this problem.\012\012Sample program that can crash:\012\012#include &lt;stdio.h&gt;\012int main()\012{\012    char c[5];\012    scanf(&quot;%s&quot;, c);\012    return 0;\012}\012\012Typing in 5 or more characters may make the program crash. The correct usage here is &apos;scanf(&quot;%4s&quot;, c);&apos;, as the maximum field width does not include the terminating null byte.\012Source: http://linux.die.net/man/3/scanf\012Source: http://www.opensource.apple.com/source/xnu/xnu-1456.1.26/libkern/stdio/scanf.c' cwe="119" hash="2333165599262501296">
            <location file="main.c" line="67" column="2" />
        </error>
        <error id="invalidscanf" severity="warning" msg="scanf() without field width limits can crash with huge input data." verbose='scanf() without field width limits can crash with huge input data. Add a field width specifier to fix this problem.\012\012Sample program that can crash:\012\012#include &lt;stdio.h&gt;\012int main()\012{\012    char c[5];\012    scanf(&quot;%s&quot;, c);\012    return 0;\012}\012\012Typing in 5 or more characters may make the program crash. The correct usage here is &apos;scanf(&quot;%4s&quot;, c);&apos;, as the maximum field width does not include the terminating null byte.\012Source: http://linux.die.net/man/3/scanf\012Source: http://www.opensource.apple.com/source/xnu/xnu-1456.1.26/libkern/stdio/scanf.c' cwe="119" hash="756669422695900593">
            <location file="main.c" line="97" column="2" />
        </error>
        <error id="invalidscanf" severity="warning" msg="scanf() without field width limits can crash with huge input data." verbose='scanf() without field width limits can crash with huge input data. Add a field width specifier to fix this problem.\012\012Sample program that can crash:\012\012#include &lt;stdio.h&gt;\012int main()\012{\012    char c[5];\012    scanf(&quot;%s&quot;, c);\012    return 0;\012}\012\012Typing in 5 or more characters may make the program crash. The correct usage here is &apos;scanf(&quot;%4s&quot;, c);&apos;, as the maximum field width does not include the terminating null byte.\012Source: http://linux.die.net/man/3/scanf\012Source: http://www.opensource.apple.com/source/xnu/xnu-1456.1.26/libkern/stdio/scanf.c' cwe="119" hash="6155546651620050803">
            <location file="main.c" line="132" column="2" />
        </error>
        <error id="nullPointerRedundantCheck" severity="warning" msg="Either the condition &apos;f==NULL&apos; is redundant or there is possible null pointer dereference: f." verbose="Either the condition &apos;f==NULL&apos; is redundant or there is possible null pointer dereference: f." cwe="476" hash="1343521847951839238">
            <location file="main.c" line="89" column="12" info="Null pointer dereference" />
            <location file="main.c" line="71" column="11" info="Assuming that condition &apos;f==NULL&apos; is not redundant" />
            <symbol>f</symbol>
        </error>
        <error id="nullPointerRedundantCheck" severity="warning" msg="Either the condition &apos;f==NULL&apos; is redundant or there is possible null pointer dereference: f." verbose="Either the condition &apos;f==NULL&apos; is redundant or there is possible null pointer dereference: f." cwe="476" hash="13225265613641433368">
            <location file="main.c" line="119" column="12" info="Null pointer dereference" />
            <location file="main.c" line="101" column="11" info="Assuming that condition &apos;f==NULL&apos; is not redundant" />
            <symbol>f</symbol>
        </error>
        <error id="variableScope" severity="style" msg="The scope of the variable &apos;i&apos; can be reduced." verbose="The scope of the variable &apos;i&apos; can be reduced. Warning: Be careful when fixing this message, especially when there are inner loops. Here is an example where cppcheck will write that the scope for &apos;i&apos; can be reduced:\012void f(int x)\012{\012    int i = 0;\012    if (x) {\012        // it&apos;s safe to move &apos;int i = 0;&apos; here\012        for (int n = 0; n &lt; 10; ++n) {\012            // it is possible but not safe to move &apos;int i = 0;&apos; here\012            do_something(&amp;i);\012        }\012    }\012}\012When you see this message it is always safe to reduce the variable scope 1 level." cwe="398" hash="2357793048748786283">
            <location file="main.c" line="65" column="13" />
            <symbol>i</symbol>
        </error>
        <error id="variableScope" severity="style" msg="The scope of the variable &apos;i&apos; can be reduced." verbose="The scope of the variable &apos;i&apos; can be reduced. Warning: Be careful when fixing this message, especially when there are inner loops. Here is an example where cppcheck will write that the scope for &apos;i&apos; can be reduced:\012void f(int x)\012{\012    int i = 0;\012    if (x) {\012        // it&apos;s safe to move &apos;int i = 0;&apos; here\012        for (int n = 0; n &lt; 10; ++n) {\012            // it is possible but not safe to move &apos;int i = 0;&apos; here\012            do_something(&amp;i);\012        }\012    }\012}\012When you see this message it is always safe to reduce the variable scope 1 level." cwe="398" hash="1435727226864759980">
            <location file="main.c" line="95" column="11" />
            <symbol>i</symbol>
        </error>
        <error id="variableScope" severity="style" msg="The scope of the variable &apos;z&apos; can be reduced." verbose="The scope of the variable &apos;z&apos; can be reduced. Warning: Be careful when fixing this message, especially when there are inner loops. Here is an example where cppcheck will write that the scope for &apos;i&apos; can be reduced:\012void f(int x)\012{\012    int i = 0;\012    if (x) {\012        // it&apos;s safe to move &apos;int i = 0;&apos; here\012        for (int n = 0; n &lt; 10; ++n) {\012            // it is possible but not safe to move &apos;int i = 0;&apos; here\012            do_something(&amp;i);\012        }\012    }\012}\012When you see this message it is always safe to reduce the variable scope 1 level." cwe="398" hash="17573266991671363411">
            <location file="main.c" line="174" column="22" />
            <symbol>z</symbol>
        </error>
        <error id="uninitvar" severity="error" msg="Uninitialized variable: n" verbose="Uninitialized variable: n" cwe="457" hash="17485323038054606005">
            <location file="main.c" line="112" column="17" />
            <symbol>n</symbol>
        </error>
        <error id="uninitvar" severity="error" msg="Uninitialized variable: n" verbose="Uninitialized variable: n" cwe="457" hash="14802643454575487932">
            <location file="main.c" line="120" column="12" />
            <symbol>n</symbol>
        </error>
        <error id="uninitvar" severity="error" msg="Uninitialized variable: n" verbose="Uninitialized variable: n" cwe="457" hash="12326047662452280708">
            <location file="main.c" line="120" column="12" />
            <location file="main.c" line="101" column="11" info="Assuming condition is true" />
            <symbol>n</symbol>
        </error>
        <error id="unassignedVariable" severity="style" msg="Variable &apos;n&apos; is not assigned a value." verbose="Variable &apos;n&apos; is not assigned a value." cwe="665" hash="8192956893561962663">
            <location file="main.c" line="95" column="9" />
            <symbol>n</symbol>
        </error>
        <error id="missingIncludeSystem" severity="information" msg="Cppcheck cannot find all the include files (use --check-config for details)" verbose="Cppcheck cannot find all the include files. Cppcheck can check the code without the include files found. But the results will probably be more accurate if all the include files are found. Please check your project&apos;s include directories and add all of them as include directories for Cppcheck. To see what files Cppcheck cannot find use --check-config." />
    </errors>
</results>
